-- MySQL dump 10.13  Distrib 8.0.18, for Win64 (x86_64)
--
-- Host: localhost    Database: wk_pedidovenda
-- ------------------------------------------------------
-- Server version	5.7.24

/*!40101 SET @OLD_CHARACTER_SET_CLIENT=@@CHARACTER_SET_CLIENT */;
/*!40101 SET @OLD_CHARACTER_SET_RESULTS=@@CHARACTER_SET_RESULTS */;
/*!40101 SET @OLD_COLLATION_CONNECTION=@@COLLATION_CONNECTION */;
/*!50503 SET NAMES utf8 */;
/*!40103 SET @OLD_TIME_ZONE=@@TIME_ZONE */;
/*!40103 SET TIME_ZONE='+00:00' */;
/*!40014 SET @OLD_UNIQUE_CHECKS=@@UNIQUE_CHECKS, UNIQUE_CHECKS=0 */;
/*!40014 SET @OLD_FOREIGN_KEY_CHECKS=@@FOREIGN_KEY_CHECKS, FOREIGN_KEY_CHECKS=0 */;
/*!40101 SET @OLD_SQL_MODE=@@SQL_MODE, SQL_MODE='NO_AUTO_VALUE_ON_ZERO' */;
/*!40111 SET @OLD_SQL_NOTES=@@SQL_NOTES, SQL_NOTES=0 */;

--
-- Table structure for table `cliente`
--

DROP TABLE IF EXISTS `cliente`;
/*!40101 SET @saved_cs_client     = @@character_set_client */;
/*!50503 SET character_set_client = utf8mb4 */;
CREATE TABLE `cliente` (
  `IDCLIENTE` int(11) NOT NULL AUTO_INCREMENT,
  `NOME` varchar(50) NOT NULL,
  `CIDADE` varchar(50) NOT NULL,
  `UF` char(2) NOT NULL,
  PRIMARY KEY (`IDCLIENTE`)
) ENGINE=MyISAM AUTO_INCREMENT=21 DEFAULT CHARSET=utf8;
/*!40101 SET character_set_client = @saved_cs_client */;

--
-- Dumping data for table `cliente`
--

LOCK TABLES `cliente` WRITE;
/*!40000 ALTER TABLE `cliente` DISABLE KEYS */;
INSERT INTO `cliente` VALUES (1,'NATANAEL RODRIGUES BORGES','TANGARÁ DA SERRA','MT'),(2,'JOSÉ HENRIQUE SILVA','CUIABÁ','MT'),(3,'FERNANDO GUIMARÃES','JOINVILLE','SC'),(4,'MARIANA CARDOSO RAMOS','PORTO ALEGRE','RS'),(5,'EMILY FERNANDES PIMENTA','SALVADOR','BA'),(6,'MARIA CLARA GOMES','MARINGÁ','PR'),(7,'SIMONE VICENTE ALBUQUERQUE','SINOP','MT'),(8,'GUSTAVO AFONSO OLIVEIRA','LONDRINA','PR'),(9,'BEATRIZ COPSESK','CURITIBA','PR'),(10,'CARLOS SANTANA','BELO HORIZONTE','MG'),(11,'ANA LÍVIA SOUZA','SANTO ANDRÉ','SP'),(12,'MÁRCIO DE SÁ','CAMPINAS','SP'),(13,'GEORGINA DE PAULA','RONDONÓPOLIS','MT'),(14,'PEDRO AUUGUSTO DOS SANTOS','MANAUS','AM'),(15,'VIVIANE DE OLIVEIRA','CAMPO GRANDE','MS'),(16,'LETÍCIA ARRUDA','NOBRES','MT'),(17,'SUSANE ANJOS','CURITIBA','PR'),(18,'PAULO SIMÕES','TANGARÁ DA SERRA','MT'),(19,'JORGE PIRES','ITAPEVA','SP'),(20,'CARLA APARECIDA DE SOUZA','CUIABÁ','MT');
/*!40000 ALTER TABLE `cliente` ENABLE KEYS */;
UNLOCK TABLES;

--
-- Table structure for table `produto`
--

DROP TABLE IF EXISTS `produto`;
/*!40101 SET @saved_cs_client     = @@character_set_client */;
/*!50503 SET character_set_client = utf8mb4 */;
CREATE TABLE `produto` (
  `IDPRODUTO` int(11) NOT NULL AUTO_INCREMENT,
  `DESCRICAO` varchar(30) NOT NULL,
  `PRECOVENDA` decimal(14,2) NOT NULL,
  PRIMARY KEY (`IDPRODUTO`)
) ENGINE=MyISAM AUTO_INCREMENT=31 DEFAULT CHARSET=utf8;
/*!40101 SET character_set_client = @saved_cs_client */;

--
-- Dumping data for table `produto`
--

LOCK TABLES `produto` WRITE;
/*!40000 ALTER TABLE `produto` DISABLE KEYS */;
INSERT INTO `produto` VALUES (1,'TELEVISÃO 65\" 4K',4199.90),(2,'TELEVISÃO 32\" FULL HD',1199.90),(3,'TELEVISÃO 65\" 4K',4199.90),(4,'TELEVISÃO 32\" FULL HD',1199.90),(5,'SOUNDBAR SAMSUNG SB400',1399.90),(6,'NOTEBOOK DELL I5 14\"',5499.90),(7,'AR CONDICIONADO GREE 9000 BTUS',2449.90),(8,'VENTILADOR TORRE',199.90),(9,'MONITOR GAMER LG 29\"',1399.90),(10,'GELADEIRA BRASTEMP 400 LITROS',5299.90),(11,'TELEVISÃO 65\" 4K',4199.90),(12,'TELEVISÃO 32\" FULL HD',1199.90),(13,'SOUNDBAR SAMSUNG SB400',1399.90),(14,'NOTEBOOK DELL I5 14\"',5499.90),(15,'AR CONDICIONADO GREE 9000 BTUS',2449.90),(16,'VENTILADOR TORRE',199.90),(17,'MONITOR GAMER LG 29\"',1399.90),(18,'GELADEIRA BRASTEMP 400 LITROS',5299.90),(19,'FORNO ELÉTRICO CONSUL 32 LTS',879.90),(20,'FRITADEIRA ELÉTRICA AIR FRYER',399.90),(21,'IPHONE 12 PRO MAX 256 GB',8199.90),(22,'GALAXY S22 ULTRA 128 GB',4899.90),(23,'MESA JANTAR 4 LUGARTES',499.90),(24,'ARMÁRIO ITATIAIA',2199.90),(25,'GUARDA ROUPAS CASAL 8 PORTAS',3279.90),(26,'CAMA BOX KING SUPER CONFORTO',1899.90),(27,'CADEIRA GAMER',1499.90),(28,'COOKTOP BRASTEMP 5 BOCAS',799.90),(29,'FONE DE OUVIDO JBL T110',99.90),(30,'PAINEL TV MADEIRA',699.90);
/*!40000 ALTER TABLE `produto` ENABLE KEYS */;
UNLOCK TABLES;

--
-- Table structure for table `venda`
--

DROP TABLE IF EXISTS `venda`;
/*!40101 SET @saved_cs_client     = @@character_set_client */;
/*!50503 SET character_set_client = utf8mb4 */;
CREATE TABLE `venda` (
  `IDVENDA` int(11) NOT NULL,
  `NUMEROPEDIDO` int(11) NOT NULL,
  `DESCRICAO` varchar(30) DEFAULT NULL,
  `TOTALVENDA` decimal(14,2) DEFAULT NULL,
  `DATAVENDA` datetime NOT NULL,
  `IDCLIENTE` int(11) NOT NULL,
  PRIMARY KEY (`IDVENDA`),
  KEY `idx_cliente` (`IDCLIENTE`)
) ENGINE=MyISAM DEFAULT CHARSET=utf8;
/*!40101 SET character_set_client = @saved_cs_client */;

--
-- Dumping data for table `venda`
--

LOCK TABLES `venda` WRITE;
/*!40000 ALTER TABLE `venda` DISABLE KEYS */;
INSERT INTO `venda` VALUES (1,10001,'Pedido de Venda Nº 10001.',5599.80,'2022-09-04 00:00:00',1),(2,10002,'Pedido de Venda Nº 10002.',6999.70,'2022-09-04 00:00:00',2),(3,10003,'Pedido de Venda Nº 10003.',52837.20,'2022-09-04 00:00:00',6);
/*!40000 ALTER TABLE `venda` ENABLE KEYS */;
UNLOCK TABLES;

--
-- Table structure for table `vendaitem`
--

DROP TABLE IF EXISTS `vendaitem`;
/*!40101 SET @saved_cs_client     = @@character_set_client */;
/*!50503 SET character_set_client = utf8mb4 */;
CREATE TABLE `vendaitem` (
  `IDVENDAITEM` int(11) NOT NULL AUTO_INCREMENT,
  `IDVENDA` int(11) NOT NULL,
  `IDPRODUTO` int(11) NOT NULL,
  `QUANTIDADE` int(11) NOT NULL,
  `VALORUNITARIO` decimal(14,2) NOT NULL,
  `VALORTOTAL` decimal(14,2) DEFAULT NULL,
  PRIMARY KEY (`IDVENDAITEM`),
  KEY `idx_venda` (`IDVENDA`),
  KEY `idx_produto` (`IDPRODUTO`)
) ENGINE=MyISAM AUTO_INCREMENT=49 DEFAULT CHARSET=utf8;
/*!40101 SET character_set_client = @saved_cs_client */;

--
-- Dumping data for table `vendaitem`
--

LOCK TABLES `vendaitem` WRITE;
/*!40000 ALTER TABLE `vendaitem` DISABLE KEYS */;
INSERT INTO `vendaitem` VALUES (1,1,1,1,4199.90,4199.90),(2,1,5,1,1399.90,1399.90),(7,2,9,1,1399.90,1399.90),(8,3,10,1,5299.90,5299.90),(5,2,6,1,5499.90,5499.90),(-1,2,29,1,99.90,99.90),(9,3,19,1,879.90,879.90),(10,3,23,1,499.90,499.90),(11,3,10,1,5299.90,5299.90),(12,3,19,1,879.90,879.90),(13,3,23,1,499.90,499.90),(14,3,10,1,5299.90,5299.90),(15,3,19,1,879.90,879.90),(16,3,23,1,499.90,499.90),(17,3,18,1,5299.90,5299.90),(18,3,23,1,499.90,499.90),(19,3,19,1,879.90,879.90),(20,3,16,1,199.90,199.90),(21,3,16,1,199.90,199.90),(22,3,24,1,2199.90,2199.90),(23,3,23,1,499.90,499.90),(24,3,25,1,3279.90,3279.90),(25,3,10,1,5299.90,5299.90),(26,3,19,1,879.90,879.90),(27,3,23,1,499.90,499.90),(28,3,18,1,5299.90,5299.90),(29,3,23,1,499.90,499.90),(30,3,19,1,879.90,879.90),(31,3,16,1,199.90,199.90),(32,3,16,1,199.90,199.90),(33,3,24,1,2199.90,2199.90),(34,3,23,1,499.90,499.90),(35,3,25,1,3279.90,3279.90),(37,3,10,1,5299.90,5299.90),(38,3,19,1,879.90,879.90),(39,3,23,1,499.90,499.90),(40,3,18,1,5299.90,5299.90),(41,3,23,1,499.90,499.90),(42,3,19,1,879.90,879.90),(43,3,16,1,199.90,199.90),(44,3,16,1,199.90,199.90),(45,3,24,1,2199.90,2199.90),(46,3,23,1,499.90,499.90),(47,3,25,1,3279.90,3279.90),(48,3,586565165,1,1.00,1.00);
/*!40000 ALTER TABLE `vendaitem` ENABLE KEYS */;
UNLOCK TABLES;

--
-- Dumping events for database 'wk_pedidovenda'
--

--
-- Dumping routines for database 'wk_pedidovenda'
--
/*!40103 SET TIME_ZONE=@OLD_TIME_ZONE */;

/*!40101 SET SQL_MODE=@OLD_SQL_MODE */;
/*!40014 SET FOREIGN_KEY_CHECKS=@OLD_FOREIGN_KEY_CHECKS */;
/*!40014 SET UNIQUE_CHECKS=@OLD_UNIQUE_CHECKS */;
/*!40101 SET CHARACTER_SET_CLIENT=@OLD_CHARACTER_SET_CLIENT */;
/*!40101 SET CHARACTER_SET_RESULTS=@OLD_CHARACTER_SET_RESULTS */;
/*!40101 SET COLLATION_CONNECTION=@OLD_COLLATION_CONNECTION */;
/*!40111 SET SQL_NOTES=@OLD_SQL_NOTES */;

-- Dump completed on 2022-09-04 21:38:03
